"","V1"
"inaug_AndrewJackson_1_2",10
"inaug_AndrewJackson_1_3",10
"inaug_AndrewJackson_1_4",2
"inaug_AndrewJackson_1_5",14
"inaug_AndrewJackson_1_6",14
"inaug_AndrewJackson_1_7",14
"inaug_AndrewJackson_1_8",1
"inaug_AndrewJackson_1_9",1
"inaug_AndrewJackson_1_10",1
"inaug_AndrewJackson_1_11",1
"inaug_AndrewJackson_1_12",1
"inaug_AndrewJackson_1_13",1
"inaug_AndrewJackson_1_14",4
"inaug_AndrewJackson_1_15",4
"inaug_AndrewJackson_1_16",4
"inaug_AndrewJackson_1_17",4
"inaug_AndrewJackson_1_18",1
"inaug_AndrewJackson_1_19",1
"inaug_AndrewJackson_1_20",9
"inaug_AndrewJackson_1_21",9
"inaug_AndrewJackson_1_22",2
"inaug_AndrewJackson_1_23",1
"inaug_AndrewJackson_1_24",1
"inaug_AndrewJackson_1_25",1
"inaug_AndrewJackson_1_26",10
"inaug_AndrewJackson_1_27",10
"inaug_MartinvanBuren_1_2",10
"inaug_MartinvanBuren_1_3",10
"inaug_MartinvanBuren_1_4",10
"inaug_MartinvanBuren_1_5",10
"inaug_MartinvanBuren_1_6",10
"inaug_MartinvanBuren_1_7",10
"inaug_MartinvanBuren_1_8",10
"inaug_MartinvanBuren_1_9",5
"inaug_MartinvanBuren_1_10",5
"inaug_MartinvanBuren_1_11",5
"inaug_MartinvanBuren_1_12",15
"inaug_MartinvanBuren_1_13",15
"inaug_MartinvanBuren_1_14",15
"inaug_MartinvanBuren_1_15",14
"inaug_MartinvanBuren_1_16",5
"inaug_MartinvanBuren_1_17",5
"inaug_MartinvanBuren_1_18",5
"inaug_MartinvanBuren_1_19",14
"inaug_MartinvanBuren_1_20",6
"inaug_MartinvanBuren_1_21",6
"inaug_MartinvanBuren_1_22",14
"inaug_MartinvanBuren_1_23",14
"inaug_MartinvanBuren_1_24",14
"inaug_MartinvanBuren_1_25",14
"inaug_MartinvanBuren_1_26",14
"inaug_MartinvanBuren_1_27",14
"inaug_MartinvanBuren_1_28",3
"inaug_MartinvanBuren_1_29",7
"inaug_MartinvanBuren_1_30",2
"inaug_MartinvanBuren_1_31",5
"inaug_MartinvanBuren_1_32",5
"inaug_MartinvanBuren_1_33",6
"inaug_MartinvanBuren_1_34",5
"inaug_MartinvanBuren_1_35",5
"inaug_MartinvanBuren_1_36",5
"inaug_MartinvanBuren_1_37",5
"inaug_MartinvanBuren_1_38",5
"inaug_MartinvanBuren_1_39",5
"inaug_MartinvanBuren_1_40",5
"inaug_MartinvanBuren_1_41",5
"inaug_MartinvanBuren_1_42",5
"inaug_MartinvanBuren_1_43",5
"inaug_MartinvanBuren_1_44",5
"inaug_MartinvanBuren_1_45",2
"inaug_MartinvanBuren_1_46",11
"inaug_MartinvanBuren_1_47",7
"inaug_MartinvanBuren_1_48",7
"inaug_MartinvanBuren_1_49",7
"inaug_MartinvanBuren_1_50",7
"inaug_MartinvanBuren_1_51",7
"inaug_MartinvanBuren_1_52",7
"inaug_MartinvanBuren_1_53",7
"inaug_MartinvanBuren_1_54",4
"inaug_MartinvanBuren_1_55",5
"inaug_MartinvanBuren_1_56",5
"inaug_MartinvanBuren_1_57",5
"inaug_MartinvanBuren_1_58",5
"inaug_MartinvanBuren_1_59",5
"inaug_MartinvanBuren_1_60",5
"inaug_MartinvanBuren_1_61",5
"inaug_MartinvanBuren_1_62",5
"inaug_MartinvanBuren_1_63",9
"inaug_MartinvanBuren_1_64",9
"inaug_MartinvanBuren_1_65",4
"inaug_MartinvanBuren_1_66",4
"inaug_MartinvanBuren_1_67",4
"inaug_MartinvanBuren_1_68",5
"inaug_MartinvanBuren_1_69",5
"inaug_MartinvanBuren_1_70",5
"inaug_MartinvanBuren_1_71",14
"inaug_MartinvanBuren_1_72",5
"inaug_MartinvanBuren_1_73",12
"inaug_MartinvanBuren_1_74",14
"inaug_MartinvanBuren_1_75",5
"inaug_MartinvanBuren_1_76",5
"inaug_MartinvanBuren_1_77",5
"inaug_MartinvanBuren_1_78",5
"inaug_MartinvanBuren_1_79",5
"inaug_MartinvanBuren_1_80",14
"inaug_MartinvanBuren_1_81",14
"inaug_MartinvanBuren_1_82",5
"inaug_MartinvanBuren_1_83",5
"inaug_MartinvanBuren_1_84",5
"inaug_MartinvanBuren_1_85",5
"inaug_MartinvanBuren_1_86",5
"inaug_MartinvanBuren_1_87",5
"inaug_MartinvanBuren_1_88",10
"inaug_MartinvanBuren_1_89",10
"inaug_MartinvanBuren_1_90",10
"inaug_MartinvanBuren_1_91",10
"inaug_MartinvanBuren_1_92",10
"inaug_MartinvanBuren_1_93",10
"inaug_MartinvanBuren_1_94",5
"inaug_MartinvanBuren_1_95",5
"inaug_MartinvanBuren_1_96",5
"inaug_MartinvanBuren_1_97",5
"inaug_MartinvanBuren_1_98",5
"inaug_MartinvanBuren_1_99",5
"inaug_MartinvanBuren_1_100",5
"inaug_MartinvanBuren_1_101",9
"inaug_MartinvanBuren_1_102",4
"inaug_MartinvanBuren_1_103",5
"inaug_MartinvanBuren_1_104",5
"inaug_MartinvanBuren_1_105",5
"inaug_MartinvanBuren_1_106",5
"inaug_MartinvanBuren_1_107",5
"inaug_MartinvanBuren_1_108",14
"inaug_MartinvanBuren_1_109",4
"inaug_MartinvanBuren_1_110",14
"inaug_MartinvanBuren_1_111",14
"inaug_MartinvanBuren_1_112",14
"inaug_MartinvanBuren_1_113",9
"inaug_MartinvanBuren_1_114",10
"inaug_MartinvanBuren_1_115",10
"inaug_MartinvanBuren_1_116",10
"inaug_MartinvanBuren_1_117",9
"inaug_MartinvanBuren_1_118",9
"inaug_MartinvanBuren_1_119",12
"inaug_MartinvanBuren_1_120",12
"inaug_MartinvanBuren_1_121",12
"inaug_MartinvanBuren_1_122",12
"inaug_MartinvanBuren_1_123",10
"inaug_MartinvanBuren_1_124",10
"inaug_MartinvanBuren_1_125",10
"inaug_MartinvanBuren_1_126",10
"inaug_MartinvanBuren_1_127",10
"inaug_MartinvanBuren_1_128",10
"inaug_MartinvanBuren_1_129",10
"inaug_MartinvanBuren_1_130",10
"inaug_MartinvanBuren_1_131",10
"inaug_MartinvanBuren_1_132",10
"inaug_JamesKPolk_1_2",10
"inaug_JamesKPolk_1_3",10
"inaug_JamesKPolk_1_4",10
"inaug_JamesKPolk_1_5",10
"inaug_JamesKPolk_1_6",10
"inaug_JamesKPolk_1_7",10
"inaug_JamesKPolk_1_8",10
"inaug_JamesKPolk_1_9",14
"inaug_JamesKPolk_1_10",14
"inaug_JamesKPolk_1_11",14
"inaug_JamesKPolk_1_12",14
"inaug_JamesKPolk_1_13",14
"inaug_JamesKPolk_1_14",14
"inaug_JamesKPolk_1_15",14
"inaug_JamesKPolk_1_16",14
"inaug_JamesKPolk_1_17",14
"inaug_JamesKPolk_1_18",1
"inaug_JamesKPolk_1_19",14
"inaug_JamesKPolk_1_20",4
"inaug_JamesKPolk_1_21",4
"inaug_JamesKPolk_1_22",9
"inaug_JamesKPolk_1_23",15
"inaug_JamesKPolk_1_24",15
"inaug_JamesKPolk_1_25",14
"inaug_JamesKPolk_1_26",14
"inaug_JamesKPolk_1_27",14
"inaug_JamesKPolk_1_28",14
"inaug_JamesKPolk_1_29",14
"inaug_JamesKPolk_1_30",14
"inaug_JamesKPolk_1_31",14
"inaug_JamesKPolk_1_32",15
"inaug_JamesKPolk_1_33",15
"inaug_JamesKPolk_1_34",15
"inaug_JamesKPolk_1_35",14
"inaug_JamesKPolk_1_36",7
"inaug_JamesKPolk_1_37",14
"inaug_JamesKPolk_1_38",14
"inaug_JamesKPolk_1_39",14
"inaug_JamesKPolk_1_40",14
"inaug_JamesKPolk_1_41",14
"inaug_JamesKPolk_1_42",9
"inaug_JamesKPolk_1_43",4
"inaug_JamesKPolk_1_44",4
"inaug_JamesKPolk_1_45",4
"inaug_JamesKPolk_1_46",4
"inaug_JamesKPolk_1_47",4
"inaug_JamesKPolk_1_48",7
"inaug_JamesKPolk_1_49",2
"inaug_JamesKPolk_1_50",2
"inaug_JamesKPolk_1_51",15
"inaug_JamesKPolk_1_52",14
"inaug_JamesKPolk_1_53",14
"inaug_JamesKPolk_1_54",14
"inaug_JamesKPolk_1_55",7
"inaug_JamesKPolk_1_56",4
"inaug_JamesKPolk_1_57",4
"inaug_JamesKPolk_1_58",4
"inaug_JamesKPolk_1_59",4
"inaug_JamesKPolk_1_60",4
"inaug_JamesKPolk_1_61",4
"inaug_JamesKPolk_1_62",4
"inaug_JamesKPolk_1_63",14
"inaug_JamesKPolk_1_64",14
"inaug_JamesKPolk_1_65",14
"inaug_JamesKPolk_1_66",14
"inaug_JamesKPolk_1_67",14
"inaug_JamesKPolk_1_68",14
"inaug_JamesKPolk_1_69",14
"inaug_JamesKPolk_1_70",14
"inaug_JamesKPolk_1_71",14
"inaug_JamesKPolk_1_72",14
"inaug_JamesKPolk_1_73",14
"inaug_JamesKPolk_1_74",14
"inaug_JamesKPolk_1_75",1
"inaug_JamesKPolk_1_76",1
"inaug_JamesKPolk_1_77",1
"inaug_JamesKPolk_1_78",1
"inaug_JamesKPolk_1_79",1
"inaug_JamesKPolk_1_80",1
"inaug_JamesKPolk_1_81",1
"inaug_JamesKPolk_1_82",1
"inaug_JamesKPolk_1_83",2
"inaug_JamesKPolk_1_84",14
"inaug_JamesKPolk_1_85",2
"inaug_JamesKPolk_1_86",2
"inaug_JamesKPolk_1_87",2
"inaug_JamesKPolk_1_88",2
"inaug_JamesKPolk_1_89",2
"inaug_JamesKPolk_1_90",2
"inaug_JamesKPolk_1_91",2
"inaug_JamesKPolk_1_92",2
"inaug_JamesKPolk_1_93",2
"inaug_JamesKPolk_1_94",2
"inaug_JamesKPolk_1_95",2
"inaug_JamesKPolk_1_96",2
"inaug_JamesKPolk_1_97",2
"inaug_JamesKPolk_1_98",2
"inaug_JamesKPolk_1_99",2
"inaug_JamesKPolk_1_100",2
"inaug_JamesKPolk_1_101",2
"inaug_JamesKPolk_1_102",2
"inaug_JamesKPolk_1_103",2
"inaug_JamesKPolk_1_104",2
"inaug_JamesKPolk_1_105",2
"inaug_JamesKPolk_1_106",2
"inaug_JamesKPolk_1_107",2
"inaug_JamesKPolk_1_108",2
"inaug_JamesKPolk_1_109",2
"inaug_JamesKPolk_1_110",2
"inaug_JamesKPolk_1_111",2
"inaug_JamesKPolk_1_112",2
"inaug_JamesKPolk_1_113",9
"inaug_JamesKPolk_1_114",9
"inaug_JamesKPolk_1_115",9
"inaug_JamesKPolk_1_116",9
"inaug_JamesKPolk_1_117",9
"inaug_JamesKPolk_1_118",9
"inaug_JamesKPolk_1_119",9
"inaug_JamesKPolk_1_120",9
"inaug_JamesKPolk_1_121",9
"inaug_JamesKPolk_1_122",9
"inaug_JamesKPolk_1_123",9
"inaug_JamesKPolk_1_124",9
"inaug_JamesKPolk_1_125",9
"inaug_JamesKPolk_1_126",9
"inaug_JamesKPolk_1_127",4
"inaug_JamesKPolk_1_128",14
"inaug_JamesKPolk_1_129",9
"inaug_JamesKPolk_1_130",9
"inaug_JamesKPolk_1_131",4
"inaug_JamesKPolk_1_132",4
"inaug_JamesKPolk_1_133",9
"inaug_JamesKPolk_1_134",9
"inaug_JamesKPolk_1_135",9
"inaug_JamesKPolk_1_136",9
"inaug_JamesKPolk_1_137",9
"inaug_JamesKPolk_1_138",9
"inaug_JamesKPolk_1_139",9
"inaug_JamesKPolk_1_140",5
"inaug_JamesKPolk_1_141",5
"inaug_JamesKPolk_1_142",14
"inaug_JamesKPolk_1_143",14
"inaug_JamesKPolk_1_144",14
"inaug_JamesKPolk_1_145",4
"inaug_JamesKPolk_1_146",4
"inaug_JamesKPolk_1_147",4
"inaug_JamesKPolk_1_148",4
"inaug_JamesKPolk_1_149",2
"inaug_JamesKPolk_1_150",14
"inaug_JamesKPolk_1_151",15
"inaug_JamesKPolk_1_152",15
"inaug_JamesKPolk_1_153",15
"inaug_JamesKPolk_1_154",2
"inaug_JamesKPolk_1_155",2
"inaug_JamesKPolk_1_156",2
"inaug_JamesKPolk_1_157",1
"inaug_JamesKPolk_1_158",2
"inaug_JamesKPolk_1_159",2
"inaug_JamesKPolk_1_160",10
"inaug_FranklinPierce_1_2",10
"inaug_FranklinPierce_1_3",10
"inaug_FranklinPierce_1_4",10
"inaug_FranklinPierce_1_5",10
"inaug_FranklinPierce_1_6",10
"inaug_FranklinPierce_1_7",2
"inaug_FranklinPierce_1_8",5
"inaug_FranklinPierce_1_9",5
"inaug_FranklinPierce_1_10",5
"inaug_FranklinPierce_1_11",5
"inaug_FranklinPierce_1_12",5
"inaug_FranklinPierce_1_13",8
"inaug_FranklinPierce_1_14",5
"inaug_FranklinPierce_1_15",5
"inaug_FranklinPierce_1_16",6
"inaug_FranklinPierce_1_17",6
"inaug_FranklinPierce_1_18",6
"inaug_FranklinPierce_1_19",6
"inaug_FranklinPierce_1_20",7
"inaug_FranklinPierce_1_21",7
"inaug_FranklinPierce_1_22",6
"inaug_FranklinPierce_1_23",4
"inaug_FranklinPierce_1_24",4
"inaug_FranklinPierce_1_25",4
"inaug_FranklinPierce_1_26",5
"inaug_FranklinPierce_1_27",6
"inaug_FranklinPierce_1_28",5
"inaug_FranklinPierce_1_29",5
"inaug_FranklinPierce_1_30",5
"inaug_FranklinPierce_1_31",5
"inaug_FranklinPierce_1_32",5
"inaug_FranklinPierce_1_33",3
"inaug_FranklinPierce_1_34",14
"inaug_FranklinPierce_1_35",5
"inaug_FranklinPierce_1_36",15
"inaug_FranklinPierce_1_37",15
"inaug_FranklinPierce_1_38",2
"inaug_FranklinPierce_1_39",12
"inaug_FranklinPierce_1_40",12
"inaug_FranklinPierce_1_41",12
"inaug_FranklinPierce_1_42",12
"inaug_FranklinPierce_1_43",1
"inaug_FranklinPierce_1_44",15
"inaug_FranklinPierce_1_45",15
"inaug_FranklinPierce_1_46",15
"inaug_FranklinPierce_1_47",15
"inaug_FranklinPierce_1_48",15
"inaug_FranklinPierce_1_49",8
"inaug_FranklinPierce_1_50",15
"inaug_FranklinPierce_1_51",15
"inaug_FranklinPierce_1_52",8
"inaug_FranklinPierce_1_53",3
"inaug_FranklinPierce_1_54",3
"inaug_FranklinPierce_1_55",4
"inaug_FranklinPierce_1_56",8
"inaug_FranklinPierce_1_57",15
"inaug_FranklinPierce_1_58",15
"inaug_FranklinPierce_1_59",15
"inaug_FranklinPierce_1_60",15
"inaug_FranklinPierce_1_61",15
"inaug_FranklinPierce_1_62",15
"inaug_FranklinPierce_1_63",15
"inaug_FranklinPierce_1_64",15
"inaug_FranklinPierce_1_65",15
"inaug_FranklinPierce_1_66",15
"inaug_FranklinPierce_1_67",10
"inaug_FranklinPierce_1_68",10
"inaug_FranklinPierce_1_69",10
"inaug_FranklinPierce_1_70",10
"inaug_FranklinPierce_1_71",10
"inaug_FranklinPierce_1_72",10
"inaug_FranklinPierce_1_73",10
"inaug_FranklinPierce_1_74",7
"inaug_FranklinPierce_1_75",10
"inaug_FranklinPierce_1_76",2
"inaug_FranklinPierce_1_77",2
"inaug_FranklinPierce_1_78",12
"inaug_FranklinPierce_1_79",1
"inaug_FranklinPierce_1_80",14
"inaug_FranklinPierce_1_81",14
"inaug_FranklinPierce_1_82",15
"inaug_FranklinPierce_1_83",14
"inaug_FranklinPierce_1_84",14
"inaug_FranklinPierce_1_85",14
"inaug_FranklinPierce_1_86",15
"inaug_FranklinPierce_1_87",13
"inaug_FranklinPierce_1_88",7
"inaug_FranklinPierce_1_89",13
"inaug_FranklinPierce_1_90",13
"inaug_FranklinPierce_1_91",13
"inaug_FranklinPierce_1_92",13
"inaug_FranklinPierce_1_93",13
"inaug_FranklinPierce_1_94",5
"inaug_FranklinPierce_1_95",5
"inaug_FranklinPierce_1_96",5
"inaug_FranklinPierce_1_97",14
"inaug_FranklinPierce_1_98",14
"inaug_FranklinPierce_1_99",14
"inaug_FranklinPierce_1_100",15
"inaug_FranklinPierce_1_101",15
"inaug_FranklinPierce_1_102",15
"inaug_FranklinPierce_1_103",5
"inaug_FranklinPierce_1_104",5
"inaug_FranklinPierce_1_105",15
"inaug_FranklinPierce_1_106",15
"inaug_FranklinPierce_1_107",15
"inaug_FranklinPierce_1_108",15
"inaug_FranklinPierce_1_109",10
"inaug_FranklinPierce_1_110",13
"inaug_FranklinPierce_1_111",5
"inaug_JamesBuchanan_1_2",10
"inaug_JamesBuchanan_1_3",10
"inaug_JamesBuchanan_1_4",10
"inaug_JamesBuchanan_1_5",10
"inaug_JamesBuchanan_1_6",4
"inaug_JamesBuchanan_1_7",7
"inaug_JamesBuchanan_1_8",7
"inaug_JamesBuchanan_1_9",14
"inaug_JamesBuchanan_1_10",14
"inaug_JamesBuchanan_1_11",14
"inaug_JamesBuchanan_1_12",9
"inaug_JamesBuchanan_1_13",9
"inaug_JamesBuchanan_1_14",9
"inaug_JamesBuchanan_1_15",9
"inaug_JamesBuchanan_1_16",9
"inaug_JamesBuchanan_1_17",9
"inaug_JamesBuchanan_1_18",2
"inaug_JamesBuchanan_1_19",9
"inaug_JamesBuchanan_1_20",9
"inaug_JamesBuchanan_1_21",5
"inaug_JamesBuchanan_1_22",5
"inaug_JamesBuchanan_1_23",4
"inaug_JamesBuchanan_1_24",9
"inaug_JamesBuchanan_1_25",14
"inaug_JamesBuchanan_1_26",1
"inaug_JamesBuchanan_1_27",7
"inaug_JamesBuchanan_1_28",7
"inaug_JamesBuchanan_1_29",7
"inaug_JamesBuchanan_1_30",7
"inaug_JamesBuchanan_1_31",7
"inaug_JamesBuchanan_1_32",14
"inaug_JamesBuchanan_1_33",7
"inaug_JamesBuchanan_1_34",14
"inaug_JamesBuchanan_1_35",4
"inaug_JamesBuchanan_1_36",4
"inaug_JamesBuchanan_1_37",4
"inaug_JamesBuchanan_1_38",4
"inaug_JamesBuchanan_1_39",4
"inaug_JamesBuchanan_1_40",4
"inaug_JamesBuchanan_1_41",4
"inaug_JamesBuchanan_1_42",4
"inaug_JamesBuchanan_1_43",5
"inaug_JamesBuchanan_1_44",1
"inaug_JamesBuchanan_1_45",1
"inaug_JamesBuchanan_1_46",1
"inaug_JamesBuchanan_1_47",1
"inaug_JamesBuchanan_1_48",1
"inaug_JamesBuchanan_1_49",1
"inaug_JamesBuchanan_1_50",2
"inaug_JamesBuchanan_1_51",2
"inaug_JamesBuchanan_1_52",2
"inaug_JamesBuchanan_1_53",2
"inaug_JamesBuchanan_1_54",2
"inaug_JamesBuchanan_1_55",4
"inaug_JamesBuchanan_1_56",4
"inaug_JamesBuchanan_1_57",4
"inaug_JamesBuchanan_1_58",4
"inaug_JamesBuchanan_1_59",1
"inaug_JamesBuchanan_1_60",7
"inaug_JamesBuchanan_1_61",14
"inaug_JamesBuchanan_1_62",14
"inaug_JamesBuchanan_1_63",14
"inaug_JamesBuchanan_1_64",2
"inaug_JamesBuchanan_1_65",9
"inaug_JamesBuchanan_1_66",9
"inaug_JamesBuchanan_1_67",9
"inaug_JamesBuchanan_1_68",9
"inaug_JamesBuchanan_1_69",9
"inaug_JamesBuchanan_1_70",9
"inaug_JamesBuchanan_1_71",9
"inaug_JamesBuchanan_1_72",9
"inaug_JamesBuchanan_1_73",9
"inaug_JamesBuchanan_1_74",9
"inaug_JamesBuchanan_1_75",9
"inaug_JamesBuchanan_1_76",15
"inaug_JamesBuchanan_1_77",2
"inaug_JamesBuchanan_1_78",12
"inaug_JamesBuchanan_1_79",12
"inaug_JamesBuchanan_1_80",12
"inaug_JamesBuchanan_1_81",12
"inaug_JamesBuchanan_1_82",9
"inaug_JamesBuchanan_1_83",9
"inaug_JamesBuchanan_1_84",9
"inaug_JamesBuchanan_1_85",9
"inaug_JamesBuchanan_1_86",9
"inaug_JamesBuchanan_1_87",2
"inaug_JamesBuchanan_1_88",4
"inaug_JamesBuchanan_1_89",4
"inaug_GroverCleveland-I_1_2",10
"inaug_GroverCleveland-I_1_3",10
"inaug_GroverCleveland-I_1_4",8
"inaug_GroverCleveland-I_1_5",1
"inaug_GroverCleveland-I_1_6",1
"inaug_GroverCleveland-I_1_7",1
"inaug_GroverCleveland-I_1_8",1
"inaug_GroverCleveland-I_1_9",1
"inaug_GroverCleveland-I_1_10",1
"inaug_GroverCleveland-I_1_11",14
"inaug_GroverCleveland-I_1_12",10
"inaug_GroverCleveland-I_1_13",5
"inaug_GroverCleveland-I_1_14",12
"inaug_GroverCleveland-I_1_15",12
"inaug_GroverCleveland-I_1_16",1
"inaug_GroverCleveland-I_1_17",14
"inaug_GroverCleveland-I_1_18",14
"inaug_GroverCleveland-I_1_19",14
"inaug_GroverCleveland-I_1_20",10
"inaug_GroverCleveland-I_1_21",1
"inaug_GroverCleveland-I_1_22",9
"inaug_GroverCleveland-I_1_23",1
"inaug_GroverCleveland-I_1_24",15
"inaug_GroverCleveland-I_1_25",1
"inaug_GroverCleveland-I_1_26",1
"inaug_GroverCleveland-I_1_27",1
"inaug_GroverCleveland-I_1_28",1
"inaug_GroverCleveland-I_1_29",1
"inaug_GroverCleveland-I_1_30",1
"inaug_GroverCleveland-I_1_31",1
"inaug_GroverCleveland-I_1_32",1
"inaug_GroverCleveland-I_1_33",1
"inaug_GroverCleveland-I_1_34",1
"inaug_GroverCleveland-I_1_35",1
"inaug_GroverCleveland-I_1_36",1
"inaug_GroverCleveland-I_1_37",1
"inaug_GroverCleveland-I_1_38",1
"inaug_GroverCleveland-I_1_39",1
"inaug_GroverCleveland-I_1_40",1
"inaug_GroverCleveland-I_1_41",1
"inaug_GroverCleveland-I_1_42",1
"inaug_GroverCleveland-I_1_43",1
"inaug_GroverCleveland-I_1_44",1
"inaug_GroverCleveland-I_1_45",1
"inaug_GroverCleveland-I_1_46",1
"inaug_GroverCleveland-I_1_47",10
"inaug_GroverCleveland-I_1_48",10
"inaug_GroverCleveland-I_1_49",10
"inaug_WoodrowWilson_1_2",3
"inaug_WoodrowWilson_1_3",3
"inaug_WoodrowWilson_1_4",12
"inaug_WoodrowWilson_1_5",12
"inaug_WoodrowWilson_1_6",11
"inaug_WoodrowWilson_1_7",7
"inaug_WoodrowWilson_1_8",7
"inaug_WoodrowWilson_1_9",7
"inaug_WoodrowWilson_1_10",7
"inaug_WoodrowWilson_1_11",7
"inaug_WoodrowWilson_1_12",6
"inaug_WoodrowWilson_1_13",6
"inaug_WoodrowWilson_1_14",6
"inaug_WoodrowWilson_1_15",6
"inaug_WoodrowWilson_1_16",6
"inaug_WoodrowWilson_1_17",6
"inaug_WoodrowWilson_1_18",6
"inaug_WoodrowWilson_1_19",6
"inaug_WoodrowWilson_1_20",6
"inaug_WoodrowWilson_1_21",6
"inaug_WoodrowWilson_1_22",6
"inaug_WoodrowWilson_1_23",6
"inaug_WoodrowWilson_1_24",6
"inaug_WoodrowWilson_1_25",6
"inaug_WoodrowWilson_1_26",6
"inaug_WoodrowWilson_1_27",6
"inaug_WoodrowWilson_1_28",6
"inaug_WoodrowWilson_1_29",6
"inaug_WoodrowWilson_1_30",1
"inaug_WoodrowWilson_1_31",11
"inaug_WoodrowWilson_1_32",2
"inaug_WoodrowWilson_1_33",4
"inaug_WoodrowWilson_1_34",6
"inaug_WoodrowWilson_1_35",6
"inaug_WoodrowWilson_1_36",6
"inaug_WoodrowWilson_1_37",6
"inaug_WoodrowWilson_1_38",6
"inaug_WoodrowWilson_1_39",6
"inaug_WoodrowWilson_1_40",6
"inaug_WoodrowWilson_1_41",6
"inaug_WoodrowWilson_1_42",2
"inaug_WoodrowWilson_1_43",2
"inaug_WoodrowWilson_1_44",2
"inaug_WoodrowWilson_1_45",6
"inaug_WoodrowWilson_1_46",6
"inaug_WoodrowWilson_1_47",6
"inaug_WoodrowWilson_1_48",6
"inaug_WoodrowWilson_1_49",6
"inaug_WoodrowWilson_1_50",6
"inaug_WoodrowWilson_1_51",6
"inaug_WoodrowWilson_1_52",6
"inaug_WoodrowWilson_1_53",6
"inaug_WoodrowWilson_1_54",6
"inaug_WoodrowWilson_1_55",2
"inaug_WoodrowWilson_1_56",2
"inaug_WoodrowWilson_1_57",1
"inaug_WoodrowWilson_1_58",15
"inaug_WoodrowWilson_1_59",7
"inaug_WoodrowWilson_1_60",10
"inaug_WoodrowWilson_1_61",2
"inaug_WoodrowWilson_1_62",7
"inaug_WoodrowWilson_1_63",5
"inaug_WoodrowWilson_1_64",7
"inaug_WoodrowWilson_1_65",7
"inaug_WoodrowWilson_1_66",7
"inaug_WoodrowWilson_1_67",7
"inaug_WoodrowWilson_1_68",7
"inaug_WoodrowWilson_1_69",7
"inaug_WoodrowWilson_1_70",3
"inaug_WoodrowWilson_1_71",6
"inaug_WoodrowWilson_1_72",6
"inaug_WoodrowWilson_1_73",6
"inaug_WoodrowWilson_1_74",6
"inaug_WoodrowWilson_1_75",6
"inaug_WoodrowWilson_1_76",6
"inaug_WoodrowWilson_1_77",10
"inaug_FranklinDRoosevelt_1_2",11
"inaug_FranklinDRoosevelt_1_3",11
"inaug_FranklinDRoosevelt_1_4",11
"inaug_FranklinDRoosevelt_1_5",13
"inaug_FranklinDRoosevelt_1_6",13
"inaug_FranklinDRoosevelt_1_7",10
"inaug_FranklinDRoosevelt_1_8",3
"inaug_FranklinDRoosevelt_1_9",7
"inaug_FranklinDRoosevelt_1_10",3
"inaug_FranklinDRoosevelt_1_11",6
"inaug_FranklinDRoosevelt_1_12",10
"inaug_FranklinDRoosevelt_1_13",2
"inaug_FranklinDRoosevelt_1_14",2
"inaug_FranklinDRoosevelt_1_15",7
"inaug_FranklinDRoosevelt_1_16",8
"inaug_FranklinDRoosevelt_1_17",9
"inaug_FranklinDRoosevelt_1_18",1
"inaug_FranklinDRoosevelt_1_19",9
"inaug_FranklinDRoosevelt_1_20",7
"inaug_FranklinDRoosevelt_1_21",3
"inaug_FranklinDRoosevelt_1_22",3
"inaug_FranklinDRoosevelt_1_23",3
"inaug_FranklinDRoosevelt_1_24",7
"inaug_FranklinDRoosevelt_1_25",7
"inaug_FranklinDRoosevelt_1_26",7
"inaug_FranklinDRoosevelt_1_27",7
"inaug_FranklinDRoosevelt_1_28",7
"inaug_FranklinDRoosevelt_1_29",7
"inaug_FranklinDRoosevelt_1_30",7
"inaug_FranklinDRoosevelt_1_31",1
"inaug_FranklinDRoosevelt_1_32",1
"inaug_FranklinDRoosevelt_1_33",7
"inaug_FranklinDRoosevelt_1_34",7
"inaug_FranklinDRoosevelt_1_35",7
"inaug_FranklinDRoosevelt_1_36",7
"inaug_FranklinDRoosevelt_1_37",7
"inaug_FranklinDRoosevelt_1_38",7
"inaug_FranklinDRoosevelt_1_39",7
"inaug_FranklinDRoosevelt_1_40",7
"inaug_FranklinDRoosevelt_1_41",7
"inaug_FranklinDRoosevelt_1_42",10
"inaug_FranklinDRoosevelt_1_43",7
"inaug_FranklinDRoosevelt_1_44",12
"inaug_FranklinDRoosevelt_1_45",12
"inaug_FranklinDRoosevelt_1_46",8
"inaug_FranklinDRoosevelt_1_47",8
"inaug_FranklinDRoosevelt_1_48",8
"inaug_FranklinDRoosevelt_1_49",8
"inaug_FranklinDRoosevelt_1_50",8
"inaug_FranklinDRoosevelt_1_51",8
"inaug_FranklinDRoosevelt_1_52",8
"inaug_FranklinDRoosevelt_1_53",8
"inaug_FranklinDRoosevelt_1_54",8
"inaug_FranklinDRoosevelt_1_55",8
"inaug_FranklinDRoosevelt_1_56",8
"inaug_FranklinDRoosevelt_1_57",11
"inaug_FranklinDRoosevelt_1_58",2
"inaug_FranklinDRoosevelt_1_59",12
"inaug_FranklinDRoosevelt_1_60",12
"inaug_FranklinDRoosevelt_1_61",12
"inaug_FranklinDRoosevelt_1_62",2
"inaug_FranklinDRoosevelt_1_63",12
"inaug_FranklinDRoosevelt_1_64",7
"inaug_FranklinDRoosevelt_1_65",12
"inaug_FranklinDRoosevelt_1_66",12
"inaug_FranklinDRoosevelt_1_67",12
"inaug_FranklinDRoosevelt_1_68",15
"inaug_FranklinDRoosevelt_1_69",15
"inaug_FranklinDRoosevelt_1_70",15
"inaug_FranklinDRoosevelt_1_71",13
"inaug_FranklinDRoosevelt_1_72",13
"inaug_FranklinDRoosevelt_1_73",13
"inaug_FranklinDRoosevelt_1_74",13
"inaug_FranklinDRoosevelt_1_75",13
"inaug_FranklinDRoosevelt_1_76",13
"inaug_FranklinDRoosevelt_1_77",13
"inaug_FranklinDRoosevelt_1_78",13
"inaug_FranklinDRoosevelt_1_79",13
"inaug_FranklinDRoosevelt_1_80",13
"inaug_FranklinDRoosevelt_1_81",9
"inaug_FranklinDRoosevelt_1_82",9
"inaug_FranklinDRoosevelt_1_83",9
"inaug_FranklinDRoosevelt_1_84",9
"inaug_FranklinDRoosevelt_1_85",9
"inaug_FranklinDRoosevelt_1_86",9
"inaug_FranklinDRoosevelt_1_87",10
"inaug_FranklinDRoosevelt_1_88",7
"inaug_FranklinDRoosevelt_1_89",6
"inaug_FranklinDRoosevelt_1_90",6
"inaug_FranklinDRoosevelt_1_91",6
"inaug_FranklinDRoosevelt_1_92",5
"inaug_FranklinDRoosevelt_1_93",14
"inaug_FranklinDRoosevelt_1_94",7
"inaug_FranklinDRoosevelt_1_95",2
"inaug_FranklinDRoosevelt_1_96",13
"inaug_FranklinDRoosevelt_1_97",3
"inaug_FranklinDRoosevelt_1_98",4
"inaug_FranklinDRoosevelt_1_99",7
"inaug_HarrySTruman_1_2",11
"inaug_HarrySTruman_1_3",3
"inaug_HarrySTruman_1_4",10
"inaug_HarrySTruman_1_5",12
"inaug_HarrySTruman_1_6",10
"inaug_HarrySTruman_1_7",11
"inaug_HarrySTruman_1_8",11
"inaug_HarrySTruman_1_9",11
"inaug_HarrySTruman_1_10",3
"inaug_HarrySTruman_1_11",3
"inaug_HarrySTruman_1_12",3
"inaug_HarrySTruman_1_13",3
"inaug_HarrySTruman_1_14",6
"inaug_HarrySTruman_1_15",6
"inaug_HarrySTruman_1_16",6
"inaug_HarrySTruman_1_17",10
"inaug_HarrySTruman_1_18",10
"inaug_HarrySTruman_1_19",6
"inaug_HarrySTruman_1_20",6
"inaug_HarrySTruman_1_21",6
"inaug_HarrySTruman_1_22",8
"inaug_HarrySTruman_1_23",8
"inaug_HarrySTruman_1_24",8
"inaug_HarrySTruman_1_25",8
"inaug_HarrySTruman_1_26",8
"inaug_HarrySTruman_1_27",8
"inaug_HarrySTruman_1_28",8
"inaug_HarrySTruman_1_29",3
"inaug_HarrySTruman_1_30",6
"inaug_HarrySTruman_1_31",2
"inaug_HarrySTruman_1_32",2
"inaug_HarrySTruman_1_33",2
"inaug_HarrySTruman_1_34",5
"inaug_HarrySTruman_1_35",3
"inaug_HarrySTruman_1_36",3
"inaug_HarrySTruman_1_37",3
"inaug_HarrySTruman_1_38",3
"inaug_HarrySTruman_1_39",3
"inaug_HarrySTruman_1_40",8
"inaug_HarrySTruman_1_41",3
"inaug_HarrySTruman_1_42",9
"inaug_HarrySTruman_1_43",7
"inaug_HarrySTruman_1_44",12
"inaug_HarrySTruman_1_45",12
"inaug_HarrySTruman_1_46",12
"inaug_HarrySTruman_1_47",12
"inaug_HarrySTruman_1_48",12
"inaug_HarrySTruman_1_49",12
"inaug_HarrySTruman_1_50",8
"inaug_HarrySTruman_1_51",12
"inaug_HarrySTruman_1_52",8
"inaug_HarrySTruman_1_53",8
"inaug_HarrySTruman_1_54",4
"inaug_HarrySTruman_1_55",12
"inaug_HarrySTruman_1_56",12
"inaug_HarrySTruman_1_57",12
"inaug_HarrySTruman_1_58",12
"inaug_HarrySTruman_1_59",12
"inaug_HarrySTruman_1_60",12
"inaug_HarrySTruman_1_61",12
"inaug_HarrySTruman_1_62",12
"inaug_HarrySTruman_1_63",12
"inaug_HarrySTruman_1_64",8
"inaug_HarrySTruman_1_65",12
"inaug_HarrySTruman_1_66",8
"inaug_HarrySTruman_1_67",12
"inaug_HarrySTruman_1_68",12
"inaug_HarrySTruman_1_69",12
"inaug_HarrySTruman_1_70",4
"inaug_HarrySTruman_1_71",4
"inaug_HarrySTruman_1_72",4
"inaug_HarrySTruman_1_73",4
"inaug_HarrySTruman_1_74",4
"inaug_HarrySTruman_1_75",4
"inaug_HarrySTruman_1_76",4
"inaug_HarrySTruman_1_77",4
"inaug_HarrySTruman_1_78",8
"inaug_HarrySTruman_1_79",8
"inaug_HarrySTruman_1_80",5
"inaug_HarrySTruman_1_81",3
"inaug_HarrySTruman_1_82",3
"inaug_HarrySTruman_1_83",8
"inaug_HarrySTruman_1_84",8
"inaug_HarrySTruman_1_85",8
"inaug_HarrySTruman_1_86",8
"inaug_HarrySTruman_1_87",8
"inaug_HarrySTruman_1_88",8
"inaug_HarrySTruman_1_89",8
"inaug_HarrySTruman_1_90",8
"inaug_HarrySTruman_1_91",12
"inaug_HarrySTruman_1_92",12
"inaug_HarrySTruman_1_93",8
"inaug_HarrySTruman_1_94",8
"inaug_HarrySTruman_1_95",8
"inaug_HarrySTruman_1_96",8
"inaug_HarrySTruman_1_97",8
"inaug_HarrySTruman_1_98",8
"inaug_HarrySTruman_1_99",8
"inaug_HarrySTruman_1_100",8
"inaug_HarrySTruman_1_101",8
"inaug_HarrySTruman_1_102",8
"inaug_HarrySTruman_1_103",8
"inaug_HarrySTruman_1_104",8
"inaug_HarrySTruman_1_105",8
"inaug_HarrySTruman_1_106",8
"inaug_HarrySTruman_1_107",8
"inaug_HarrySTruman_1_108",10
"inaug_HarrySTruman_1_109",10
"inaug_HarrySTruman_1_110",10
"inaug_HarrySTruman_1_111",6
"inaug_HarrySTruman_1_112",6
"inaug_HarrySTruman_1_113",3
"inaug_HarrySTruman_1_114",3
"inaug_HarrySTruman_1_115",3
"inaug_HarrySTruman_1_116",11
"inaug_HarrySTruman_1_117",3
"inaug_HarrySTruman_1_118",3
"inaug_HarrySTruman_1_119",3
"inaug_JohnFKennedy_1_2",11
"inaug_JohnFKennedy_1_3",11
"inaug_JohnFKennedy_1_4",11
"inaug_JohnFKennedy_1_5",3
"inaug_JohnFKennedy_1_6",3
"inaug_JohnFKennedy_1_7",3
"inaug_JohnFKennedy_1_8",13
"inaug_JohnFKennedy_1_9",13
"inaug_JohnFKennedy_1_10",13
"inaug_JohnFKennedy_1_11",13
"inaug_JohnFKennedy_1_12",8
"inaug_JohnFKennedy_1_13",11
"inaug_JohnFKennedy_1_14",13
"inaug_JohnFKennedy_1_15",13
"inaug_JohnFKennedy_1_16",13
"inaug_JohnFKennedy_1_17",8
"inaug_JohnFKennedy_1_18",8
"inaug_JohnFKennedy_1_19",8
"inaug_JohnFKennedy_1_20",13
"inaug_JohnFKennedy_1_21",13
"inaug_JohnFKennedy_1_22",13
"inaug_JohnFKennedy_1_23",13
"inaug_JohnFKennedy_1_24",13
"inaug_JohnFKennedy_1_25",13
"inaug_JohnFKennedy_1_26",13
"inaug_JohnFKennedy_1_27",13
"inaug_JohnFKennedy_1_28",13
"inaug_JohnFKennedy_1_29",13
"inaug_JohnFKennedy_1_30",13
"inaug_JohnFKennedy_1_31",13
"inaug_JohnFKennedy_1_32",13
"inaug_JohnFKennedy_1_33",13
"inaug_JohnFKennedy_1_34",13
"inaug_JohnFKennedy_1_35",13
"inaug_JohnFKennedy_1_36",13
"inaug_JohnFKennedy_1_38",13
"inaug_JohnFKennedy_1_39",13
"inaug_JohnFKennedy_1_40",13
"inaug_JohnFKennedy_1_41",3
"inaug_JohnFKennedy_1_42",3
"inaug_JohnFKennedy_1_43",11
"inaug_JohnFKennedy_1_44",11
"inaug_JohnFKennedy_1_45",11
"inaug_JohnFKennedy_1_46",11
"inaug_JohnFKennedy_1_47",11
"inaug_JohnFKennedy_1_48",8
"inaug_JohnFKennedy_1_49",13
"inaug_JohnFKennedy_1_50",3
"inaug_JohnFKennedy_1_51",3
"inaug_JohnFKennedy_1_52",8
"inaug_JohnFKennedy_1_53",11
"inaug_JohnFKennedy_1_54",11
"inaug_JohnFKennedy_1_55",11
"inaug_LyndonBJohnson_1_2",3
"inaug_LyndonBJohnson_1_3",15
"inaug_LyndonBJohnson_1_4",15
"inaug_LyndonBJohnson_1_5",11
"inaug_LyndonBJohnson_1_6",11
"inaug_LyndonBJohnson_1_7",6
"inaug_LyndonBJohnson_1_8",6
"inaug_LyndonBJohnson_1_9",6
"inaug_LyndonBJohnson_1_10",12
"inaug_LyndonBJohnson_1_11",12
"inaug_LyndonBJohnson_1_12",11
"inaug_LyndonBJohnson_1_13",11
"inaug_LyndonBJohnson_1_14",11
"inaug_LyndonBJohnson_1_15",4
"inaug_LyndonBJohnson_1_16",14
"inaug_LyndonBJohnson_1_17",1
"inaug_LyndonBJohnson_1_18",8
"inaug_LyndonBJohnson_1_19",6
"inaug_LyndonBJohnson_1_20",8
"inaug_LyndonBJohnson_1_21",8
"inaug_LyndonBJohnson_1_22",8
"inaug_LyndonBJohnson_1_23",8
"inaug_LyndonBJohnson_1_24",8
"inaug_LyndonBJohnson_1_25",8
"inaug_LyndonBJohnson_1_26",11
"inaug_LyndonBJohnson_1_27",11
"inaug_LyndonBJohnson_1_28",11
"inaug_LyndonBJohnson_1_29",11
"inaug_LyndonBJohnson_1_30",4
"inaug_LyndonBJohnson_1_31",1
"inaug_LyndonBJohnson_1_32",15
"inaug_LyndonBJohnson_1_33",13
"inaug_LyndonBJohnson_1_34",11
"inaug_LyndonBJohnson_1_35",11
"inaug_LyndonBJohnson_1_36",11
"inaug_LyndonBJohnson_1_37",11
"inaug_LyndonBJohnson_1_38",11
"inaug_LyndonBJohnson_1_39",11
"inaug_LyndonBJohnson_1_40",11
"inaug_LyndonBJohnson_1_41",11
"inaug_LyndonBJohnson_1_42",11
"inaug_LyndonBJohnson_1_43",11
"inaug_LyndonBJohnson_1_44",11
"inaug_LyndonBJohnson_1_45",11
"inaug_LyndonBJohnson_1_46",13
"inaug_LyndonBJohnson_1_47",14
"inaug_LyndonBJohnson_1_48",14
"inaug_LyndonBJohnson_1_49",12
"inaug_LyndonBJohnson_1_50",12
"inaug_LyndonBJohnson_1_51",3
"inaug_LyndonBJohnson_1_52",8
"inaug_LyndonBJohnson_1_53",8
"inaug_LyndonBJohnson_1_54",12
"inaug_LyndonBJohnson_1_55",12
"inaug_LyndonBJohnson_1_56",12
"inaug_LyndonBJohnson_1_57",10
"inaug_LyndonBJohnson_1_58",3
"inaug_LyndonBJohnson_1_59",6
"inaug_LyndonBJohnson_1_60",11
"inaug_LyndonBJohnson_1_61",11
"inaug_LyndonBJohnson_1_62",11
"inaug_LyndonBJohnson_1_63",11
"inaug_LyndonBJohnson_1_64",11
"inaug_LyndonBJohnson_1_65",12
"inaug_LyndonBJohnson_1_66",11
"inaug_LyndonBJohnson_1_67",11
"inaug_LyndonBJohnson_1_68",6
"inaug_LyndonBJohnson_1_69",3
"inaug_LyndonBJohnson_1_70",3
"inaug_LyndonBJohnson_1_71",6
"inaug_LyndonBJohnson_1_72",7
"inaug_LyndonBJohnson_1_73",7
"inaug_LyndonBJohnson_1_74",7
"inaug_LyndonBJohnson_1_75",12
"inaug_LyndonBJohnson_1_76",12
"inaug_LyndonBJohnson_1_77",12
"inaug_LyndonBJohnson_1_78",3
"inaug_LyndonBJohnson_1_79",12
"inaug_LyndonBJohnson_1_80",3
"inaug_LyndonBJohnson_1_81",8
"inaug_LyndonBJohnson_1_82",11
"inaug_LyndonBJohnson_1_83",11
"inaug_LyndonBJohnson_1_84",11
"inaug_LyndonBJohnson_1_85",11
"inaug_LyndonBJohnson_1_86",1
"inaug_LyndonBJohnson_1_87",4
"inaug_LyndonBJohnson_1_88",5
"inaug_LyndonBJohnson_1_89",5
"inaug_LyndonBJohnson_1_90",5
"inaug_LyndonBJohnson_1_91",3
"inaug_LyndonBJohnson_1_92",3
"inaug_LyndonBJohnson_1_93",8
"inaug_LyndonBJohnson_1_94",10
"inaug_LyndonBJohnson_1_95",8
"inaug_LyndonBJohnson_1_96",8
"inaug_JimmyCarter_1_2",3
"inaug_JimmyCarter_1_3",3
"inaug_JimmyCarter_1_4",3
"inaug_JimmyCarter_1_5",3
"inaug_JimmyCarter_1_6",3
"inaug_JimmyCarter_1_7",3
"inaug_JimmyCarter_1_8",3
"inaug_JimmyCarter_1_9",11
"inaug_JimmyCarter_1_10",11
"inaug_JimmyCarter_1_11",11
"inaug_JimmyCarter_1_12",3
"inaug_JimmyCarter_1_13",2
"inaug_JimmyCarter_1_14",11
"inaug_JimmyCarter_1_15",11
"inaug_JimmyCarter_1_16",11
"inaug_JimmyCarter_1_17",11
"inaug_JimmyCarter_1_18",8
"inaug_JimmyCarter_1_19",8
"inaug_JimmyCarter_1_20",13
"inaug_JimmyCarter_1_21",15
"inaug_JimmyCarter_1_22",13
"inaug_JimmyCarter_1_23",6
"inaug_JimmyCarter_1_24",6
"inaug_JimmyCarter_1_25",6
"inaug_JimmyCarter_1_26",6
"inaug_JimmyCarter_1_27",1
"inaug_JimmyCarter_1_28",1
"inaug_JimmyCarter_1_29",3
"inaug_JimmyCarter_1_30",13
"inaug_JimmyCarter_1_31",13
"inaug_JimmyCarter_1_32",8
"inaug_JimmyCarter_1_33",8
"inaug_JimmyCarter_1_34",8
"inaug_JimmyCarter_1_35",8
"inaug_JimmyCarter_1_36",10
"inaug_JimmyCarter_1_37",3
"inaug_JimmyCarter_1_38",3
"inaug_JimmyCarter_1_39",3
"inaug_JimmyCarter_1_40",3
"inaug_JimmyCarter_1_41",8
"inaug_JimmyCarter_1_42",8
"inaug_JimmyCarter_1_43",8
"inaug_JimmyCarter_1_44",8
"inaug_JimmyCarter_1_45",15
"inaug_JimmyCarter_1_46",15
"inaug_JimmyCarter_1_47",3
"inaug_JimmyCarter_1_48",3
"inaug_JimmyCarter_1_49",3
"inaug_JimmyCarter_1_50",12
"inaug_JimmyCarter_1_51",12
"inaug_JimmyCarter_1_52",13
"inaug_JimmyCarter_1_53",11
"inaug_JimmyCarter_1_54",1
"inaug_JimmyCarter_1_55",11
"inaug_JimmyCarter_1_56",10
"inaug_JimmyCarter_1_57",1
"inaug_JimmyCarter_1_58",12
"inaug_JimmyCarter_1_59",6
"inaug_JimmyCarter_1_60",12
"inaug_WilliamJClinton_1_2",11
"inaug_WilliamJClinton_1_3",11
"inaug_WilliamJClinton_1_4",11
"inaug_WilliamJClinton_1_5",11
"inaug_WilliamJClinton_1_6",11
"inaug_WilliamJClinton_1_7",11
"inaug_WilliamJClinton_1_8",3
"inaug_WilliamJClinton_1_9",3
"inaug_WilliamJClinton_1_10",3
"inaug_WilliamJClinton_1_11",3
"inaug_WilliamJClinton_1_12",3
"inaug_WilliamJClinton_1_13",3
"inaug_WilliamJClinton_1_14",8
"inaug_WilliamJClinton_1_15",8
"inaug_WilliamJClinton_1_16",3
"inaug_WilliamJClinton_1_17",13
"inaug_WilliamJClinton_1_18",11
"inaug_WilliamJClinton_1_19",11
"inaug_WilliamJClinton_1_20",11
"inaug_WilliamJClinton_1_21",4
"inaug_WilliamJClinton_1_22",6
"inaug_WilliamJClinton_1_23",6
"inaug_WilliamJClinton_1_24",6
"inaug_WilliamJClinton_1_25",6
"inaug_WilliamJClinton_1_26",6
"inaug_WilliamJClinton_1_27",13
"inaug_WilliamJClinton_1_28",11
"inaug_WilliamJClinton_1_29",11
"inaug_WilliamJClinton_1_30",11
"inaug_WilliamJClinton_1_31",11
"inaug_WilliamJClinton_1_32",11
"inaug_WilliamJClinton_1_33",13
"inaug_WilliamJClinton_1_34",11
"inaug_WilliamJClinton_1_35",3
"inaug_WilliamJClinton_1_36",11
"inaug_WilliamJClinton_1_37",11
"inaug_WilliamJClinton_1_38",11
"inaug_WilliamJClinton_1_39",11
"inaug_WilliamJClinton_1_40",8
"inaug_WilliamJClinton_1_41",8
"inaug_WilliamJClinton_1_42",8
"inaug_WilliamJClinton_1_43",12
"inaug_WilliamJClinton_1_44",12
"inaug_WilliamJClinton_1_45",12
"inaug_WilliamJClinton_1_46",4
"inaug_WilliamJClinton_1_47",5
"inaug_WilliamJClinton_1_48",15
"inaug_WilliamJClinton_1_49",3
"inaug_WilliamJClinton_1_50",3
"inaug_WilliamJClinton_1_51",10
"inaug_WilliamJClinton_1_52",11
"inaug_WilliamJClinton_1_53",7
"inaug_WilliamJClinton_1_54",7
"inaug_WilliamJClinton_1_55",7
"inaug_WilliamJClinton_1_56",8
"inaug_WilliamJClinton_1_57",8
"inaug_WilliamJClinton_1_58",13
"inaug_WilliamJClinton_1_59",13
"inaug_WilliamJClinton_1_60",13
"inaug_WilliamJClinton_1_61",11
"inaug_WilliamJClinton_1_62",15
"inaug_WilliamJClinton_1_63",3
"inaug_WilliamJClinton_1_64",3
"inaug_WilliamJClinton_1_65",3
"inaug_WilliamJClinton_1_66",3
"inaug_WilliamJClinton_1_67",11
"inaug_WilliamJClinton_1_68",11
"inaug_WilliamJClinton_1_69",11
"inaug_WilliamJClinton_1_70",12
"inaug_WilliamJClinton_1_71",12
"inaug_WilliamJClinton_1_72",3
"inaug_WilliamJClinton_1_73",3
"inaug_WilliamJClinton_1_74",3
"inaug_WilliamJClinton_1_75",11
"inaug_WilliamJClinton_1_76",11
"inaug_WilliamJClinton_1_77",11
"inaug_WilliamJClinton_1_78",9
"inaug_WilliamJClinton_1_79",11
"inaug_WilliamJClinton_1_80",11
"inaug_WilliamJClinton_1_81",11
"inaug_WilliamJClinton_1_82",11
"inaug_WilliamJClinton_1_83",8
"inaug_WilliamJClinton_1_84",2
"inaug_WilliamJClinton_1_85",11
"inaug_WilliamJClinton_1_86",11
"inaug_WilliamJClinton_1_87",11
"inaug_WilliamJClinton_1_88",7
"inaug_WilliamJClinton_1_89",11
"inaug_WilliamJClinton_1_90",11
"inaug_WilliamJClinton_1_91",11
"inaug_WilliamJClinton_1_92",11
"inaug_WilliamJClinton_1_93",11
"inaug_WilliamJClinton_1_94",11
"inaug_WilliamJClinton_1_95",11
"inaug_WilliamJClinton_1_96",13
"inaug_WilliamJClinton_1_97",11
"inaug_WilliamJClinton_1_98",11
"inaug_WilliamJClinton_1_99",11
"inaug_WilliamJClinton_1_100",11
"inaug_WilliamJClinton_1_101",3
"inaug_BarackObama_1_2",11
"inaug_BarackObama_1_3",3
"inaug_BarackObama_1_4",11
"inaug_BarackObama_1_5",11
"inaug_BarackObama_1_6",11
"inaug_BarackObama_1_7",11
"inaug_BarackObama_1_8",6
"inaug_BarackObama_1_9",2
"inaug_BarackObama_1_10",13
"inaug_BarackObama_1_11",13
"inaug_BarackObama_1_12",2
"inaug_BarackObama_1_13",6
"inaug_BarackObama_1_14",3
"inaug_BarackObama_1_15",3
"inaug_BarackObama_1_16",3
"inaug_BarackObama_1_17",3
"inaug_BarackObama_1_18",11
"inaug_BarackObama_1_19",11
"inaug_BarackObama_1_20",11
"inaug_BarackObama_1_21",13
"inaug_BarackObama_1_22",13
"inaug_BarackObama_1_23",13
"inaug_BarackObama_1_24",13
"inaug_BarackObama_1_25",6
"inaug_BarackObama_1_26",13
"inaug_BarackObama_1_27",13
"inaug_BarackObama_1_28",10
"inaug_BarackObama_1_29",10
"inaug_BarackObama_1_30",3
"inaug_BarackObama_1_31",12
"inaug_BarackObama_1_32",3
"inaug_BarackObama_1_33",7
"inaug_BarackObama_1_34",7
"inaug_BarackObama_1_35",6
"inaug_BarackObama_1_36",2
"inaug_BarackObama_1_37",13
"inaug_BarackObama_1_38",5
"inaug_BarackObama_1_39",5
"inaug_BarackObama_1_40",5
"inaug_BarackObama_1_41",5
"inaug_BarackObama_1_42",13
"inaug_BarackObama_1_43",11
"inaug_BarackObama_1_44",11
"inaug_BarackObama_1_45",3
"inaug_BarackObama_1_46",3
"inaug_BarackObama_1_47",2
"inaug_BarackObama_1_48",13
"inaug_BarackObama_1_49",13
"inaug_BarackObama_1_50",13
"inaug_BarackObama_1_51",8
"inaug_BarackObama_1_52",6
"inaug_BarackObama_1_53",7
"inaug_BarackObama_1_54",7
"inaug_BarackObama_1_55",7
"inaug_BarackObama_1_56",7
"inaug_BarackObama_1_57",11
"inaug_BarackObama_1_58",1
"inaug_BarackObama_1_59",1
"inaug_BarackObama_1_60",1
"inaug_BarackObama_1_61",6
"inaug_BarackObama_1_62",12
"inaug_BarackObama_1_63",13
"inaug_BarackObama_1_64",4
"inaug_BarackObama_1_65",4
"inaug_BarackObama_1_66",11
"inaug_BarackObama_1_67",11
"inaug_BarackObama_1_68",11
"inaug_BarackObama_1_69",11
"inaug_BarackObama_1_70",11
"inaug_BarackObama_1_71",2
"inaug_BarackObama_1_72",8
"inaug_BarackObama_1_73",8
"inaug_BarackObama_1_74",8
"inaug_BarackObama_1_75",13
"inaug_BarackObama_1_76",12
"inaug_BarackObama_1_77",12
"inaug_BarackObama_1_78",12
"inaug_BarackObama_1_79",3
"inaug_BarackObama_1_80",12
"inaug_BarackObama_1_81",13
"inaug_BarackObama_1_82",13
"inaug_BarackObama_1_83",4
"inaug_BarackObama_1_84",3
"inaug_BarackObama_1_85",3
"inaug_BarackObama_1_86",12
"inaug_BarackObama_1_87",13
"inaug_BarackObama_1_88",8
"inaug_BarackObama_1_89",8
"inaug_BarackObama_1_90",11
"inaug_BarackObama_1_91",11
"inaug_BarackObama_1_92",11
"inaug_BarackObama_1_93",11
"inaug_BarackObama_1_94",11
"inaug_BarackObama_1_95",11
"inaug_BarackObama_1_96",11
"inaug_BarackObama_1_97",11
"inaug_BarackObama_1_98",11
"inaug_BarackObama_1_99",11
"inaug_BarackObama_1_100",7
"inaug_BarackObama_1_101",7
"inaug_BarackObama_1_102",7
"inaug_BarackObama_1_103",3
"inaug_BarackObama_1_104",11
"inaug_BarackObama_1_105",3
"inaug_BarackObama_1_106",11
"inaug_BarackObama_1_107",5
"inaug_BarackObama_1_108",3
"inaug_BarackObama_1_109",3
"inaug_BarackObama_1_110",7
"inaug_BarackObama_1_111",4
"inaug_BarackObama_1_112",8
"inaug_BarackObama_1_113",13
"inaug_BarackObama_1_114",13
"inaug_BarackObama_1_116",13
"inaug_BarackObama_1_118",13
"inaug_BarackObama_1_119",11
"inaug_BarackObama_1_120",11
"inaug_BarackObama_1_121",11
"inaug_BarackObama_1_122",13
"inaug_BarackObama_1_123",3
"inaug_BarackObama_1_124",13
